topic_name,item_name
Bestsellers in Musical Instruments,"JBL Commercial CSLM20 Auxiliary Omnidirectional Lavalier Microphone, Earphone For calls, Video Conferences, And Monitoring, Black, Small"
Bestsellers in Car & Motorbike,"Juârez Acoustic Guitar Kit, 38 Inch Cutaway, 038C with Bag, Strings, Pick and Strap, Black"
Bestsellers in Clothing & Accessories,Boya ByM1 Auxiliary Omnidirectional Lavalier Condenser Microphone with 20ft Audio Cable (Black)
Bestsellers in Beauty,"Juârez JRZ250 One Handed Trigger Guitar Metal Capo Quick Change for Ukulele, Electric and Acoustic Guitars, Black"
Bestsellers in Toys & Games,"GRENARO J13 Wireless Microphone, Noise Reduction Lapel Mic with Charging Case, Wireless Mic for Video Recording, YouTube, Facebook, Support System for Type C & iPhone (Dual Channel Universal Version)"
Bestsellers in Industrial & Scientific,Radhe Flutes | Right Handed C Natural With Velvet Cover | Tuned With Tanpura A=440Hz | PVC Fiber
,SOFTSPUN Microfiber Cloth - 4 pcs - 40x40 cms - 340 GSM Grey! Thick Lint & Streak-Free Multipurpose Cloths - Automotive Microfibre Towels for Car Bike Cleaning Polishing Washing & Detailing.…
,"Odonil Bathroom Air Freshner Blocks Mixed Fragrances - 192g (48g*4) | Mixed Fragrances: Jasmine, Lavender, Orchid, Rose| Long Lasting Fragrance | Lasts upto 30 days"
,"Involve Your Senses One Musk Organic Car Perfume, Involve Your Senses Strong Fiber Air Freshener to Freshen'up Your Car - IONE01-40 g,Car Accessories interior car perfumes and fresheners"
,"V.E UV Sun Protection Arm Sleeves for Men & Women, UPF 50 Arm Cover for Biking,Cricket,Cycling, Golf, Outdoor Sports"
,"IDELLA with Device of Girl Car Duster, Extendable Long Handle Microfiber Exterior Scratch Free Car Cleaning Tool, Car Duster Brush for Pickup,SUV, Vehicles Cleaning (Duster)"
,Godrej aer Twist – Car Air Freshener | Car Accessories | Fresh Lush Green (45g)
,"SJeware 12 Pairs Solid Ankle Socks for Men & Women, Multicolor, Pack of 12, Free Size"
,Lymio Men Cargo || Men Cargo Pants || Men Cargo Pants Cotton || Cargos for Men (Cargo-01-04)
,Ben Martin Men's Relaxed Fit Jeans
,Lymio Casual Shirt for Men|| Shirt for Men|| Men Stylish Shirt (D-Crush-16-23)
,SELLORIA Brand A Soft Cotton Adjustable Unisex Cap Quick Drying Sun Hat Protection for Men and Women (Freesize)
,"SJeware 5 Pairs Solid Ankle Length Socks for Men & Women, Multicolor, Pack of 5, Free Size"
,WOW Skin Science Sunscreen Gel For All Skin Types | SPF 55 PA++++ | With Glutathione & Aloe Vera Extract | Lightweight | Quick Absorbing | No White Cast | UVA & UVB Protection | 10 ml
,"The Derma Co Hyaluronic Sunscreen Aqua Ultra Light Gel With Spf 50 Pa++++ For Broad Spectrum, UV A, UV B & Blue Light Protection For Oily Skin - 50G(Dermaco), Pack Of 1"
,Ice Face Roller Silicone Facial Cube for Eyes Neck Massage Remove Dark Circle Pore Shrink Face Beauty Skin Care Ice Mould Kitchen Tools (PURPLE)
,"Cetaphil Face Wash Gentle Skin Cleanser for Dry to Normal, Sensitive Skin, 125 ml Hydrating Face Wash with Niacinamide, Vitamin B5"
,"Aqualogica Glow+ Dewy Sunscreen SPF 50 PA++++ | UVA/B & Blue Light Protection for Men & Women | Oily, Dry, Sensitive & Combination Skin | Fragrance-Free | 50g"
,Dettol Liquid Handwash Refill – Skincare Hand Wash- 1500ml | pH Balanced | 10x Better Germ Protection
,"Popsugar Off Roader Rechargeable Remote Control Monster Truck with 2 Speeds and 4 Headlight Modes | Lithium Battery | C-Type Charging | Remote Control Car for Kids | Made in India, Black Mat"
,"Mattel Uno Playing Card Game for 7 Yrs and Above for Adult,set of 112 cards"
,"Amazon Brand - Jam & Honey Penguin, Plush/Soft Toy for Boys, Girls and Kids, Super-Soft, Safe, Great Birthday Gift (Black and White, 17 cm)"
,"Storio Toys Dancing Cactus Talking Toy, Cactus Plush Toy, Wriggle & Singing Recording Repeat What You Say Funny Education Toys for Babies Children Playing, Home Decorate"
,GRAPHENE® Monster Truck Toys for Kids Friction Powered Monster Truck Car Toy for Baby Push & Go Toys 4wd Monster Truck for Boys & Girls Multi Color (Pack of 1)
,"Einstein Box Ultimate Science Kit for Boys and Girls Ages 6-8-10-12-14 Years| Birthday Gifts Ideas for Kids| STEM Learning Toys for 6,7,8,9,10,11,12,13,14 Year Olds|"
,"Pidilite Roff Cera Clean All Purpose Tile, Floor & Wall Cleaner ‘1 Litre’, Advance Tile Cleaner for Kitchen, Bedroom & Bathroom Floors, Removes Grease, Dirt & Tough Stains"
,"Konvio Neer Imported TDS Meter, Total Dissolved Solids Meter, Water Quality Tester, PPM Tester For Water Testing"
,Rylan Leakage Repair Waterproof Tape for Pipe Leakage Roof Water Leakage Solution Aluminium Foil Tape Waterproof Adhesive Tape Sealing Butyl Rubber Tape for Leakage (5CM*5M (Pack Of 1))
,"Dr. Fixit Kwik N Ezee Wall Gap & Crack Filler, 150gm (White), DIY Waterproofing for Home Repairs, Kitchen Sink & Wall Cracks, Bathroom Tile Gaps Sealant, Metal, Wood, PVC, Best for Wet & Damp areas"
,Themisto TH-TDS10 Digital TDS Meter
,"CARE VIEW Careview Hand Gloves | Pack of 200 | Transparent Gloves | Universal Size Gloves | For Gardening, Cleaning and Public Areas."
